<?xml version="1.0"?>
<doc>
    <assembly>
        <name>SwaggerWebAPI</name>
    </assembly>
    <members>
        <member name="M:SwaggerWebAPI.Controllers.ValuesController.Get">
             <summary>
             Get Method to Get all Values
             </summary>
             <remarks>
             Sample request:
            
                 POST /Todo
                 {
                    "id": 1,
                    "name": "Item1",
                    "isComplete": true
                 }
            
             </remarks>
             <param name="item"></param>
             <returns>A newly created TodoItem</returns>
             <response code="201">Returns the newly created item</response>
             <response code="400">If the item is null</response>            
        </member>
    </members>
</doc>
